id,fecha_creacion,fecha_cierre,area,categoria,prioridad,canal,solicitante,asunto,descripcion,estado,reaperturas,razon_descarte
TK-00082,10/05/2026,,,Conectividad,MEDIA,Mesa de ayuda,usuario072@lafortuna.com.co,La VPN se desconecta cada media hora,,reabierto,1,falta el campo obligatorio 'area'
TK-00594,23-Jul-2025,,Comercial,,2-Media,correo,usuario064@lafortuna.com.co,Consulta general,El caso fue reportado por teléfono y se registra para trazabilidad.,reabierto,2,falta el campo obligatorio 'categoria'
TK-01378,2026-01-15,,Aplicaciones,Otros,MEDIA,Mesa de ayuda,,Requerimiento del área,,Abierto,0,falta el campo obligatorio 'solicitante'
TK-00919,2026-05-22,2026-06-10,Contabilidad,,Critica,Mesa de ayuda,usuario130@lafortuna.com.co,Requerimiento del área,,en proceso,0,falta el campo obligatorio 'categoria'
TK-01941,2025-03-03,,Talento Humano,Viáticos,alta,formulario,,Cómo legalizo los viáticos del viaje a la costa,,en proceso,0,falta el campo obligatorio 'solicitante'
TK-01728,31/07/2025,2025-08-23,,nomina,Media,Correo,usuario094@lafortuna.com.co,Diferencia en el pago de horas extras,,CERRADO,0,falta el campo obligatorio 'area'
TK-00909,2026-06-24,,,red,Critica,formulario,usuario157@lafortuna.com.co,La VPN se desconecta cada media hora,El usuario reporta la novedad desde el inicio de la jornada y requiere solución para continuar con su labor.,Reabierto,2,falta el campo obligatorio 'area'
TK-01586,23/08/2025,,Compras,equipos,Crítica,Telefono,,El teclado dejó de responder,Se solicita atención prioritaria porque afecta la operación del área y el cierre del periodo.,Escalado,0,falta el campo obligatorio 'solicitante'
TK-00561,26/07/2025,11/08/2025,,Acceso,alta,Formulario web,usuario092@lafortuna.com.co,Solicito permiso al módulo de cartera,El usuario reporta la novedad desde el inicio de la jornada y requiere solución para continuar con su labor.,CERRADO,0,falta el campo obligatorio 'area'
TK-00167,2025-10-12,,,HARDWARE,CRITICA,correo,usuario030@lafortuna.com.co,El teclado dejó de responder,El caso fue reportado por teléfono y se registra para trazabilidad.,reabierto,2,falta el campo obligatorio 'area'
TK-00967,01/01/2025,13-Ene-2025,,Reportes,Crítica,Telefono,usuario101@lafortuna.com.co,El reporte no incluye la sede nueva,Se adjunta captura de pantalla del mensaje de error recibido.,cerrado,0,falta el campo obligatorio 'area'
TK-00978,06-Ene-2025,02-Feb-2025,Operaciones,software,alta,Correo,,Error al guardar el formulario de ingreso,Se adjunta captura de pantalla del mensaje de error recibido.,Cerrado,0,falta el campo obligatorio 'solicitante'
TK-00459,08-May-2025,10/05/2025,,Nomina,Crítica,Mesa de ayuda,usuario113@lafortuna.com.co,Error en el descuento de la quincena,Requerimiento remitido por la jefatura del área para gestión.,cerrado,0,falta el campo obligatorio 'area'
TK-01695,16/03/2026,,Operaciones,capacitación,Alta,Teléfono,,Solicito capacitación en el módulo nuevo,El usuario reporta la novedad desde el inicio de la jornada y requiere solución para continuar con su labor.,abierto,0,falta el campo obligatorio 'solicitante'
TK-01104,2025-04-19,2025-05-12,,Capacitación,MEDIA,correo,usuario048@lafortuna.com.co,Cuándo es la próxima inducción,El usuario reporta la novedad desde el inicio de la jornada y requiere solución para continuar con su labor.,cerrado,0,falta el campo obligatorio 'area'
TK-01733,17/03/2026,,,software,2-Media,Teléfono,usuario050@lafortuna.com.co,La aplicación se cierra al generar el informe,El solicitante indica que la novedad se presenta de forma intermitente desde hace tres días.,REABIERTO,2,falta el campo obligatorio 'area'
TK-00228,13/02/2025,,Compras,nomina,3-Baja,correo,,Diferencia en el pago de horas extras,El solicitante indica que la novedad se presenta de forma intermitente desde hace tres días.,Abierto,0,falta el campo obligatorio 'solicitante'
TK-00290,2025-12-20,16/01/2026,Compras,ACCESOS,CRITICA,correo,,Necesito acceso a la carpeta compartida de mi área,Se solicita atención prioritaria porque afecta la operación del área y el cierre del periodo.,En proceso,0,falta el campo obligatorio 'solicitante'
TK-00277,13-Mar-2026,17-Abr-2026,Comercial,incidente,Crítica,Formulario web,,Caída total del sistema en la sede principal,El solicitante indica que la novedad se presenta de forma intermitente desde hace tres días.,CERRADO,0,falta el campo obligatorio 'solicitante'
TK-01284,19/07/2025,,Talento Humano,,Crítica,formulario,usuario051@lafortuna.com.co,Pendiente por definir,,En proceso,0,falta el campo obligatorio 'categoria'
TK-00205,08/03/2025,,Comercial,VACACIONES,3-Baja,correo,,Me negaron las vacaciones solicitadas,El usuario reporta la novedad desde el inicio de la jornada y requiere solución para continuar con su labor.,Escalado,0,falta el campo obligatorio 'solicitante'
TK-01730,06/04/2026,,Contabilidad,,Baja,correo,usuario136@lafortuna.com.co,Pendiente por definir,Se adjunta captura de pantalla del mensaje de error recibido.,abierto,0,falta el campo obligatorio 'categoria'
TK-00201,2025-08-06,,,equipos,3-Baja,Telefono,usuario068@lafortuna.com.co,El teclado dejó de responder,El solicitante indica que la novedad se presenta de forma intermitente desde hace tres días.,REABIERTO,3,falta el campo obligatorio 'area'
TK-00771,24-Abr-2026,,Infraestructura,,3-Baja,Correo,usuario125@lafortuna.com.co,Consulta general,Se adjunta captura de pantalla del mensaje de error recibido.,Abierto,0,falta el campo obligatorio 'categoria'
TK-01865,2025-08-27,,,Accesos,Critica,Telefono,usuario030@lafortuna.com.co,Necesito acceso a la carpeta compartida de mi área,Requerimiento remitido por la jefatura del área para gestión.,Escalado,0,falta el campo obligatorio 'area'
TK-00355,09-Feb-2025,19-Feb-2025,Calidad,vacaciones,2-Media,Mesa de ayuda,,Cuántos días tengo acumulados,,Cerrado,0,falta el campo obligatorio 'solicitante'
TK-01842,2025-09-19,,Infraestructura,ACCESOS,Baja,Mesa de ayuda,,Me retiraron el acceso y aún trabajo en el proceso,El usuario reporta la novedad desde el inicio de la jornada y requiere solución para continuar con su labor.,Escalado,0,falta el campo obligatorio 'solicitante'
TK-00941,21/06/2026,11/07/2026,Calidad,Viáticos,Baja,Mesa de ayuda,,No me han reembolsado los gastos del mes pasado,Se solicita atención prioritaria porque afecta la operación del área y el cierre del periodo.,CERRADO,0,falta el campo obligatorio 'solicitante'
TK-00683,09-May-2025,,Calidad,Accesos,MEDIA,Teléfono,,No puedo entrar al sistema Centrica,Requerimiento remitido por la jefatura del área para gestión.,reabierto,3,falta el campo obligatorio 'solicitante'
TK-01514,16-Mar-2026,,Operaciones,Ordenes de compra,Alta,correo,,El proveedor no ha entregado lo solicitado,Se adjunta captura de pantalla del mensaje de error recibido.,abierto,0,falta el campo obligatorio 'solicitante'
TK-00969,02-Feb-2026,2026-03-01,Calidad,nómina,3-Baja,Telefono,,Error en el descuento de la quincena,El caso fue reportado por teléfono y se registra para trazabilidad.,Cerrado,1,falta el campo obligatorio 'solicitante'
TK-00203,08-Jun-2025,,Infraestructura,,MEDIA,formulario,usuario102@lafortuna.com.co,Solicitud varias,El usuario reporta la novedad desde el inicio de la jornada y requiere solución para continuar con su labor.,abierto,0,falta el campo obligatorio 'categoria'
TK-01522,2025-03-01,2025-03-05,Comercial,,Baja,formulario,usuario142@lafortuna.com.co,Requerimiento del área,El caso fue reportado por teléfono y se registra para trazabilidad.,en proceso,0,falta el campo obligatorio 'categoria'
TK-01211,2025-03-05,,,VACACIONES,Media,Correo,usuario042@lafortuna.com.co,Con cuánta anticipación debo solicitar vacaciones,El usuario reporta la novedad desde el inicio de la jornada y requiere solución para continuar con su labor.,Abierto,0,falta el campo obligatorio 'area'
TK-00055,2025-01-20,,,Incidentes,Media,Correo,usuario044@lafortuna.com.co,Se cayó el servicio de facturación,Requerimiento remitido por la jefatura del área para gestión.,abierto,0,falta el campo obligatorio 'area'
TK-00637,2025-11-30,,,equipos,ALTA,Correo,usuario074@lafortuna.com.co,El portátil no enciende desde ayer,El solicitante indica que la novedad se presenta de forma intermitente desde hace tres días.,REABIERTO,3,falta el campo obligatorio 'area'
TK-00604,25-Abr-2026,2026-05-31,Operaciones,,Alta,formulario,usuario054@lafortuna.com.co,Consulta general,,Escalado,0,falta el campo obligatorio 'categoria'
TK-01370,09/06/2025,2025-07-08,Calidad,Gestion de accesos,Media,Correo,,Se bloqueó mi usuario tras varios intentos,Se solicita atención prioritaria porque afecta la operación del área y el cierre del periodo.,En proceso,0,falta el campo obligatorio 'solicitante'
TK-01463,2025-10-26,,Operaciones,,CRITICA,formulario,,Pendiente por definir,El solicitante indica que la novedad se presenta de forma intermitente desde hace tres días.,Reabierto,2,falta el campo obligatorio 'categoria'; falta el campo obligatorio 'solicitante'
TK-00491,09-Feb-2026,,,Hardware,baja,correo,usuario125@lafortuna.com.co,El portátil no enciende desde ayer,,Escalado,0,falta el campo obligatorio 'area'
TK-01882,07/03/2025,,Comercial,Órdenes de compra,1-Alta,Formulario web,,Estado de la orden de compra 4471,El caso fue reportado por teléfono y se registra para trazabilidad.,Abierto,0,falta el campo obligatorio 'solicitante'
TK-01005,24/06/2026,,Calidad,Software,2-Media,Correo,,Error al guardar el formulario de ingreso,El usuario reporta la novedad desde el inicio de la jornada y requiere solución para continuar con su labor.,reabierto,2,falta el campo obligatorio 'solicitante'
TK-00051,2026-05-29,2026-06-17,Calidad,Sin clasificar,MEDIA,Formulario web,,Solicitud varias,El solicitante indica que la novedad se presenta de forma intermitente desde hace tres días.,Cerrado,0,falta el campo obligatorio 'solicitante'
TK-01685,22/11/2025,,Compras,,CRITICA,formulario,usuario097@lafortuna.com.co,Solicitud varias,Se adjunta captura de pantalla del mensaje de error recibido.,Reabierto,3,falta el campo obligatorio 'categoria'
TK-00456,29/04/2025,,,software,Critica,formulario,usuario062@lafortuna.com.co,La aplicación se cierra al generar el informe,Se adjunta captura de pantalla del mensaje de error recibido.,reabierto,3,falta el campo obligatorio 'area'
TK-01443,20-Mar-2025,,Infraestructura,,Media,Teléfono,usuario063@lafortuna.com.co,Consulta general,Se adjunta captura de pantalla del mensaje de error recibido.,REABIERTO,1,falta el campo obligatorio 'categoria'
TK-01085,2025-02-20,2025-03-11,Infraestructura,,baja,Teléfono,usuario048@lafortuna.com.co,Solicitud varias,El solicitante indica que la novedad se presenta de forma intermitente desde hace tres días.,CERRADO,0,falta el campo obligatorio 'categoria'
TK-01498,2025-06-11,,,compras,ALTA,Mesa de ayuda,usuario170@lafortuna.com.co,Necesito cotización para equipos de la bodega,Se solicita atención prioritaria porque afecta la operación del área y el cierre del periodo.,abierto,0,falta el campo obligatorio 'area'
TK-01646,15-Ene-2025,,Comercial,viáticos,media,Mesa de ayuda,,Necesito anticipo para comisión,Se adjunta captura de pantalla del mensaje de error recibido.,reabierto,3,falta el campo obligatorio 'solicitante'
TK-01340,19/06/2025,,Aplicaciones,SOFTWARE,3-Baja,correo,,Necesito que instalen el visor de planos,El caso fue reportado por teléfono y se registra para trazabilidad.,en proceso,0,falta el campo obligatorio 'solicitante'
TK-01778,30/09/2025,,Compras,Ordenes de compra,1-Alta,Mesa de ayuda,,Estado de la orden de compra 4471,Se solicita atención prioritaria porque afecta la operación del área y el cierre del periodo.,Abierto,0,falta el campo obligatorio 'solicitante'
TK-00477,10/09/2025,11/10/2025,Talento Humano,Órdenes de compra,Crítica,Mesa de ayuda,,Necesito cotización para equipos de la bodega,Se solicita atención prioritaria porque afecta la operación del área y el cierre del periodo.,cerrado,1,falta el campo obligatorio 'solicitante'
TK-01314,14-May-2025,,Talento Humano,accesos,Media,Correo,,Necesito acceso a la carpeta compartida de mi área,El solicitante indica que la novedad se presenta de forma intermitente desde hace tres días.,REABIERTO,2,falta el campo obligatorio 'solicitante'
TK-00096,09-Mar-2026,,,Compras,Crítica,Teléfono,usuario175@lafortuna.com.co,El proveedor no ha entregado lo solicitado,Se adjunta captura de pantalla del mensaje de error recibido.,Abierto,0,falta el campo obligatorio 'area'
TK-01595,2026-04-02,,,accesos,3-Baja,Mesa de ayuda,usuario177@lafortuna.com.co,No puedo entrar al sistema Centrica,El solicitante indica que la novedad se presenta de forma intermitente desde hace tres días.,reabierto,3,falta el campo obligatorio 'area'
TK-00087,2025-02-10,,Calidad,aplicaciones,Alta,correo,,Error al guardar el formulario de ingreso,Se solicita atención prioritaria porque afecta la operación del área y el cierre del periodo.,en proceso,0,falta el campo obligatorio 'solicitante'
TK-01767,23/12/2025,,Operaciones,Accesos,alta,formulario,,Me retiraron el acceso y aún trabajo en el proceso,El usuario reporta la novedad desde el inicio de la jornada y requiere solución para continuar con su labor.,REABIERTO,1,falta el campo obligatorio 'solicitante'
TK-01269,20/05/2026,,,Accesos,alta,Telefono,usuario022@lafortuna.com.co,Me retiraron el acceso y aún trabajo en el proceso,El usuario reporta la novedad desde el inicio de la jornada y requiere solución para continuar con su labor.,Abierto,0,falta el campo obligatorio 'area'
TK-01414,2026-03-06,,Talento Humano,Accesos,CRITICA,formulario,,No puedo entrar al sistema Centrica,Se solicita atención prioritaria porque afecta la operación del área y el cierre del periodo.,REABIERTO,2,falta el campo obligatorio 'solicitante'
TK-00266,27/05/2026,2026-06-12,Comercial,,alta,Formulario web,usuario020@lafortuna.com.co,Consulta general,El solicitante indica que la novedad se presenta de forma intermitente desde hace tres días.,cerrado,0,falta el campo obligatorio 'categoria'
TK-01043,09/07/2025,20/08/2025,Calidad,ACCESOS,1-Alta,formulario,,Me retiraron el acceso y aún trabajo en el proceso,El caso fue reportado por teléfono y se registra para trazabilidad.,CERRADO,0,falta el campo obligatorio 'solicitante'
TK-00532,20-Abr-2026,,,Viáticos,Baja,Mesa de ayuda,usuario079@lafortuna.com.co,Cómo legalizo los viáticos del viaje a la costa,El solicitante indica que la novedad se presenta de forma intermitente desde hace tres días.,En proceso,0,falta el campo obligatorio 'area'
TK-00648,09-Mar-2026,31/03/2026,Comercial,Gestion de accesos,CRITICA,Correo,,Solicito permiso al módulo de cartera,Se adjunta captura de pantalla del mensaje de error recibido.,Cerrado,0,falta el campo obligatorio 'solicitante'
TK-01288,17/07/2025,,,ACCESOS,ALTA,Teléfono,usuario127@lafortuna.com.co,No puedo entrar al sistema Centrica,El usuario reporta la novedad desde el inicio de la jornada y requiere solución para continuar con su labor.,abierto,0,falta el campo obligatorio 'area'
TK-01598,2026-02-15,,Comercial,nómina,baja,Formulario web,,No me llegó el desprendible de pago,El caso fue reportado por teléfono y se registra para trazabilidad.,REABIERTO,2,falta el campo obligatorio 'solicitante'
TK-01533,03/04/2025,,Operaciones,Gestión de accesos,alta,Teléfono,,Se bloqueó mi usuario tras varios intentos,Requerimiento remitido por la jefatura del área para gestión.,REABIERTO,,falta el campo obligatorio 'solicitante'
TK-00046,27/02/2026,,,OTROS,ALTA,Correo,usuario098@lafortuna.com.co,Requerimiento del área,,Abierto,0,falta el campo obligatorio 'area'
TK-00319,24/10/2025,,,vacaciones,media,Telefono,usuario173@lafortuna.com.co,Cuántos días tengo acumulados,Se solicita atención prioritaria porque afecta la operación del área y el cierre del periodo.,REABIERTO,3,falta el campo obligatorio 'area'
TK-01782,23/01/2026,16/02/2026,Compras,aplicaciones,Baja,Mesa de ayuda,,Aparece un mensaje de sesión expirada cada cinco minutos,,reabierto,1,falta el campo obligatorio 'solicitante'
TK-00918,11-Abr-2026,08-May-2026,,INCIDENTE,Media,Telefono,usuario062@lafortuna.com.co,Se cayó el servicio de facturación,Se adjunta captura de pantalla del mensaje de error recibido.,CERRADO,0,falta el campo obligatorio 'area'
TK-01958,12/01/2025,,Talento Humano,hardware,Alta,Correo,,El teclado dejó de responder,El solicitante indica que la novedad se presenta de forma intermitente desde hace tres días.,Abierto,0,falta el campo obligatorio 'solicitante'
TK-01950,15/02/2025,2025-03-19,Compras,Otros,MEDIA,Telefono,,Requerimiento del área,El usuario reporta la novedad desde el inicio de la jornada y requiere solución para continuar con su labor.,CERRADO,0,falta el campo obligatorio 'solicitante'
TK-01930,2025-06-12,2025-07-12,Calidad,Gestión de accesos,alta,correo,,Se bloqueó mi usuario tras varios intentos,Se solicita atención prioritaria porque afecta la operación del área y el cierre del periodo.,CERRADO,0,falta el campo obligatorio 'solicitante'
TK-01915,03-Dic-2025,16-Ene-2026,Infraestructura,Aplicaciones,Media,correo,,Aparece un mensaje de sesión expirada cada cinco minutos,Se adjunta captura de pantalla del mensaje de error recibido.,CERRADO,0,falta el campo obligatorio 'solicitante'
TK-00645,05/05/2026,2026-05-23,Calidad,Acceso,2-Media,Telefono,,Solicito permiso al módulo de cartera,,Cerrado,0,falta el campo obligatorio 'solicitante'
TK-00145,10/01/2025,12/02/2025,,Red,Crítica,Correo,usuario010@lafortuna.com.co,No carga el sistema desde la sede sur,El solicitante indica que la novedad se presenta de forma intermitente desde hace tres días.,CERRADO,0,falta el campo obligatorio 'area'
TK-00095,06/05/2026,,Comercial,Accesos,alta,formulario,,No puedo entrar al sistema Centrica,Se solicita atención prioritaria porque afecta la operación del área y el cierre del periodo.,abierto,0,falta el campo obligatorio 'solicitante'
TK-00550,18-Sep-2025,,Aplicaciones,Red,CRITICA,Mesa de ayuda,,La VPN se desconecta cada media hora,El caso fue reportado por teléfono y se registra para trazabilidad.,REABIERTO,2,falta el campo obligatorio 'solicitante'
TK-00584,2025-05-04,,Operaciones,ACCESOS,Media,Correo,,Solicito permiso al módulo de cartera,Requerimiento remitido por la jefatura del área para gestión.,abierto,0,falta el campo obligatorio 'solicitante'
TK-00286,07-Nov-2025,,Infraestructura,NOMINA,CRITICA,Mesa de ayuda,,Error en el descuento de la quincena,El solicitante indica que la novedad se presenta de forma intermitente desde hace tres días.,reabierto,1,falta el campo obligatorio 'solicitante'
TK-00142,08-Mar-2025,,Aplicaciones,Aplicaciones,3-Baja,Telefono,,La versión instalada no coincide con la del área,Requerimiento remitido por la jefatura del área para gestión.,en proceso,0,falta el campo obligatorio 'solicitante'
TK-00582,28-Feb-2025,,,Hardware,alta,Correo,usuario136@lafortuna.com.co,El portátil no enciende desde ayer,,Escalado,,falta el campo obligatorio 'area'
TK-01196,08/02/2025,,Infraestructura,,CRITICA,Telefono,usuario056@lafortuna.com.co,Requerimiento del área,Requerimiento remitido por la jefatura del área para gestión.,en proceso,0,falta el campo obligatorio 'categoria'
TK-01494,14-Abr-2025,2025-04-14,Operaciones,Software,Crítica,Correo,,Necesito que instalen el visor de planos,Requerimiento remitido por la jefatura del área para gestión.,Cerrado,0,falta el campo obligatorio 'solicitante'
TK-00939,27-Ene-2026,2026-01-31,,otros,Baja,correo,usuario162@lafortuna.com.co,Consulta general,El solicitante indica que la novedad se presenta de forma intermitente desde hace tres días.,cerrado,0,falta el campo obligatorio 'area'
TK-00328,20-Feb-2026,27/03/2026,Infraestructura,,Media,Mesa de ayuda,usuario061@lafortuna.com.co,Pendiente por definir,Se adjunta captura de pantalla del mensaje de error recibido.,Cerrado,0,falta el campo obligatorio 'categoria'
TK-01460,28/05/2026,07-Jul-2026,Aplicaciones,,CRITICA,Telefono,usuario096@lafortuna.com.co,Requerimiento del área,,cerrado,0,falta el campo obligatorio 'categoria'
TK-00720,03/11/2025,2025-12-06,Infraestructura,,2-Media,Formulario web,usuario033@lafortuna.com.co,Requerimiento del área,El usuario reporta la novedad desde el inicio de la jornada y requiere solución para continuar con su labor.,CERRADO,,falta el campo obligatorio 'categoria'
TK-01677,19-Jun-2025,07/07/2025,Compras,Informes,MEDIA,Correo,,Necesito el reporte de ventas del trimestre,El caso fue reportado por teléfono y se registra para trazabilidad.,CERRADO,0,falta el campo obligatorio 'solicitante'
TK-01769,2026-06-26,2026-07-27,,compras,baja,Formulario web,usuario078@lafortuna.com.co,El proveedor no ha entregado lo solicitado,,cerrado,0,falta el campo obligatorio 'area'
TK-00313,26-Abr-2025,,Calidad,Órdenes de compra,Baja,Correo,,El proveedor no ha entregado lo solicitado,Se solicita atención prioritaria porque afecta la operación del área y el cierre del periodo.,en proceso,0,falta el campo obligatorio 'solicitante'
TK-00986,25/05/2025,,Operaciones,ACCESOS,Crítica,Formulario web,,Se bloqueó mi usuario tras varios intentos,Se adjunta captura de pantalla del mensaje de error recibido.,En proceso,0,falta el campo obligatorio 'solicitante'
TK-01752,30/05/2026,,,INCIDENTE,Baja,formulario,usuario057@lafortuna.com.co,Pérdida de información en el módulo de inventario,,Reabierto,3,falta el campo obligatorio 'area'
TK-00889,2026-02-24,,Contabilidad,,baja,Formulario web,usuario100@lafortuna.com.co,Requerimiento del área,Se adjunta captura de pantalla del mensaje de error recibido.,Abierto,0,falta el campo obligatorio 'categoria'
TK-00174,2025-03-22,,Comercial,,MEDIA,Correo,usuario015@lafortuna.com.co,Requerimiento del área,El caso fue reportado por teléfono y se registra para trazabilidad.,Escalado,0,falta el campo obligatorio 'categoria'
TK-00177,11/01/2025,30-Ene-2025,Contabilidad,,Baja,Mesa de ayuda,usuario129@lafortuna.com.co,Solicitud varias,Se solicita atención prioritaria porque afecta la operación del área y el cierre del periodo.,Cerrado,0,falta el campo obligatorio 'categoria'
TK-01719,2026-04-21,10/05/2026,Compras,SOFTWARE,Alta,correo,,Necesito que instalen el visor de planos,Se adjunta captura de pantalla del mensaje de error recibido.,Cerrado,0,falta el campo obligatorio 'solicitante'
TK-00966,29/05/2025,03-Jun-2025,Compras,nomina,media,Teléfono,,No me llegó el desprendible de pago,Se adjunta captura de pantalla del mensaje de error recibido.,CERRADO,0,falta el campo obligatorio 'solicitante'
TK-01254,06/08/2025,2025-08-28,Comercial,informes,baja,Teléfono,,El reporte no incluye la sede nueva,Se solicita atención prioritaria porque afecta la operación del área y el cierre del periodo.,Cerrado,0,falta el campo obligatorio 'solicitante'
TK-01322,08/03/2025,,,Capacitación,3-Baja,formulario,usuario063@lafortuna.com.co,Necesito material del curso de la semana pasada,,Reabierto,3,falta el campo obligatorio 'area'
TK-00261,20-Sep-2025,,Operaciones,SOFTWARE,2-Media,Mesa de ayuda,,Aparece un mensaje de sesión expirada cada cinco minutos,Se solicita atención prioritaria porque afecta la operación del área y el cierre del periodo.,en proceso,0,falta el campo obligatorio 'solicitante'
TK-00670,19/04/2025,,Compras,viáticos,Crítica,Mesa de ayuda,,Necesito anticipo para comisión,El caso fue reportado por teléfono y se registra para trazabilidad.,abierto,0,falta el campo obligatorio 'solicitante'
TK-01301,23-Abr-2026,14/05/2026,Contabilidad,Incidente,media,Teléfono,,Pérdida de información en el módulo de inventario,El usuario reporta la novedad desde el inicio de la jornada y requiere solución para continuar con su labor.,Cerrado,0,falta el campo obligatorio 'solicitante'
TK-01076,08-Jun-2025,,,RED,alta,Telefono,usuario084@lafortuna.com.co,No carga el sistema desde la sede sur,El caso fue reportado por teléfono y se registra para trazabilidad.,abierto,0,falta el campo obligatorio 'area'
TK-01453,06/10/2025,,Aplicaciones,Capacitación,MEDIA,Mesa de ayuda,,Solicito capacitación en el módulo nuevo,El caso fue reportado por teléfono y se registra para trazabilidad.,abierto,0,falta el campo obligatorio 'solicitante'
TK-00345,29/08/2025,,Operaciones,SOFTWARE,Baja,formulario,,Necesito que instalen el visor de planos,El usuario reporta la novedad desde el inicio de la jornada y requiere solución para continuar con su labor.,REABIERTO,3,falta el campo obligatorio 'solicitante'
TK-00715,06/02/2025,,Infraestructura,Hardware,CRITICA,Correo,,El teclado dejó de responder,Se solicita atención prioritaria porque afecta la operación del área y el cierre del periodo.,Reabierto,1,falta el campo obligatorio 'solicitante'
TK-01421,2026-02-08,,Aplicaciones,,3-Baja,correo,usuario165@lafortuna.com.co,Pendiente por definir,Se adjunta captura de pantalla del mensaje de error recibido.,abierto,0,falta el campo obligatorio 'categoria'
TK-01450,2026-02-07,,,incidente,Baja,Formulario web,usuario012@lafortuna.com.co,Los usuarios reportan lentitud generalizada,El solicitante indica que la novedad se presenta de forma intermitente desde hace tres días.,reabierto,2,falta el campo obligatorio 'area'
TK-01826,22-Feb-2025,,,Conectividad,2-Media,Correo,usuario135@lafortuna.com.co,Muy lenta la conexión en la bodega,Se solicita atención prioritaria porque afecta la operación del área y el cierre del periodo.,Escalado,0,falta el campo obligatorio 'area'
TK-00264,24-May-2026,,Contabilidad,Informes,Alta,Teléfono,,Solicito exportar el listado a Excel,Se adjunta captura de pantalla del mensaje de error recibido.,Escalado,0,falta el campo obligatorio 'solicitante'
TK-01383,19/04/2026,,,HARDWARE,CRITICA,correo,usuario042@lafortuna.com.co,El teclado dejó de responder,El usuario reporta la novedad desde el inicio de la jornada y requiere solución para continuar con su labor.,En proceso,0,falta el campo obligatorio 'area'
TK-00326,01/03/2025,,Comercial,Nomina,alta,Correo,,Diferencia en el pago de horas extras,El caso fue reportado por teléfono y se registra para trazabilidad.,abierto,0,falta el campo obligatorio 'solicitante'
TK-00481,2025-05-24,,Calidad,,2-Media,formulario,usuario030@lafortuna.com.co,Consulta general,,Escalado,0,falta el campo obligatorio 'categoria'
TK-00992,11/03/2025,2025-04-17,Compras,Órdenes de compra,1-Alta,formulario,,El proveedor no ha entregado lo solicitado,El usuario reporta la novedad desde el inicio de la jornada y requiere solución para continuar con su labor.,CERRADO,0,falta el campo obligatorio 'solicitante'
TK-01811,12-Ene-2026,,Calidad,aplicaciones,Crítica,Teléfono,,Necesito que instalen el visor de planos,Se solicita atención prioritaria porque afecta la operación del área y el cierre del periodo.,REABIERTO,2,falta el campo obligatorio 'solicitante'
TK-01939,01/03/2026,2026-03-19,Talento Humano,,2-Media,correo,usuario110@lafortuna.com.co,Consulta general,Se adjunta captura de pantalla del mensaje de error recibido.,CERRADO,0,falta el campo obligatorio 'categoria'
TK-01883,29/11/2025,,Contabilidad,aplicaciones,ALTA,formulario,,La aplicación se cierra al generar el informe,Se solicita atención prioritaria porque afecta la operación del área y el cierre del periodo.,Abierto,,falta el campo obligatorio 'solicitante'
TK-01291,2025-01-13,,Calidad,red,3-Baja,Correo,,No carga el sistema desde la sede sur,Requerimiento remitido por la jefatura del área para gestión.,en proceso,0,falta el campo obligatorio 'solicitante'
TK-01225,2025-01-22,,Aplicaciones,capacitación,Alta,Mesa de ayuda,,Solicito capacitación en el módulo nuevo,Requerimiento remitido por la jefatura del área para gestión.,abierto,0,falta el campo obligatorio 'solicitante'
TK-01155,21-May-2026,,Contabilidad,capacitacion,MEDIA,Telefono,,Solicito capacitación en el módulo nuevo,Se solicita atención prioritaria porque afecta la operación del área y el cierre del periodo.,abierto,0,falta el campo obligatorio 'solicitante'
TK-00971,08-Feb-2026,,,Gestión de accesos,CRITICA,Teléfono,usuario093@lafortuna.com.co,Solicito permiso al módulo de cartera,Se solicita atención prioritaria porque afecta la operación del área y el cierre del periodo.,abierto,0,falta el campo obligatorio 'area'
TK-00233,08/06/2026,,,Software,media,Formulario web,usuario125@lafortuna.com.co,La aplicación se cierra al generar el informe,El solicitante indica que la novedad se presenta de forma intermitente desde hace tres días.,REABIERTO,2,falta el campo obligatorio 'area'
TK-01138,04-Jun-2025,,Contabilidad,Compras,Alta,Mesa de ayuda,,Necesito cotización para equipos de la bodega,Se solicita atención prioritaria porque afecta la operación del área y el cierre del periodo.,En proceso,0,falta el campo obligatorio 'solicitante'
TK-01877,23-Sep-2025,10/10/2025,Compras,Otros,Alta,Teléfono,,Requerimiento del área,Se solicita atención prioritaria porque afecta la operación del área y el cierre del periodo.,CERRADO,0,falta el campo obligatorio 'solicitante'
TK-00590,02-Ene-2026,,Calidad,INCIDENTE,media,Teléfono,,Caída total del sistema en la sede principal,El caso fue reportado por teléfono y se registra para trazabilidad.,reabierto,3,falta el campo obligatorio 'solicitante'
TK-01402,02-Ene-2025,,Infraestructura,,2-Media,Teléfono,usuario152@lafortuna.com.co,Solicitud varias,El caso fue reportado por teléfono y se registra para trazabilidad.,Reabierto,3,falta el campo obligatorio 'categoria'
TK-01320,01/02/2026,,Comercial,VACACIONES,2-Media,Mesa de ayuda,,Con cuánta anticipación debo solicitar vacaciones,Requerimiento remitido por la jefatura del área para gestión.,En proceso,0,falta el campo obligatorio 'solicitante'
TK-00281,2026-06-14,27/07/2026,Operaciones,Hardware,MEDIA,Teléfono,,El teclado dejó de responder,El solicitante indica que la novedad se presenta de forma intermitente desde hace tres días.,reabierto,3,falta el campo obligatorio 'solicitante'
TK-01701,2025-02-13,2025-02-15,Operaciones,HARDWARE,media,correo,,Solicito reposición de diadema dañada,El usuario reporta la novedad desde el inicio de la jornada y requiere solución para continuar con su labor.,Escalado,0,falta el campo obligatorio 'solicitante'
TK-00108,2025-11-24,2025-12-13,Talento Humano,nomina,2-Media,correo,,Solicito certificado laboral con salario,El usuario reporta la novedad desde el inicio de la jornada y requiere solución para continuar con su labor.,cerrado,0,falta el campo obligatorio 'solicitante'
TK-01505,2025-01-31,,Talento Humano,Hardware,ALTA,Formulario web,,El teclado dejó de responder,El solicitante indica que la novedad se presenta de forma intermitente desde hace tres días.,reabierto,2,falta el campo obligatorio 'solicitante'
TK-01070,10-Feb-2026,,Compras,informes,CRITICA,Telefono,,Solicito exportar el listado a Excel,Se solicita atención prioritaria porque afecta la operación del área y el cierre del periodo.,abierto,0,falta el campo obligatorio 'solicitante'
TK-01266,14-Dic-2025,,Operaciones,,alta,Mesa de ayuda,usuario143@lafortuna.com.co,Consulta general,,En proceso,0,falta el campo obligatorio 'categoria'
TK-01385,2025-04-09,2025-04-11,Calidad,Capacitación,Alta,formulario,,Necesito material del curso de la semana pasada,Requerimiento remitido por la jefatura del área para gestión.,CERRADO,0,falta el campo obligatorio 'solicitante'
TK-01691,2025-10-24,,,aplicaciones,Alta,correo,usuario069@lafortuna.com.co,Necesito que instalen el visor de planos,El caso fue reportado por teléfono y se registra para trazabilidad.,reabierto,3,falta el campo obligatorio 'area'
TK-00628,08/08/2025,,Infraestructura,INCIDENTE,CRITICA,Formulario web,,Pérdida de información en el módulo de inventario,El usuario reporta la novedad desde el inicio de la jornada y requiere solución para continuar con su labor.,Escalado,0,falta el campo obligatorio 'solicitante'
TK-01949,2026-06-07,2026-07-08,,aplicaciones,1-Alta,Teléfono,usuario109@lafortuna.com.co,Aparece un mensaje de sesión expirada cada cinco minutos,El solicitante indica que la novedad se presenta de forma intermitente desde hace tres días.,Cerrado,0,falta el campo obligatorio 'area'
TK-01347,17/09/2025,2025-10-28,Aplicaciones,,Alta,Formulario web,usuario110@lafortuna.com.co,Pendiente por definir,Se adjunta captura de pantalla del mensaje de error recibido.,CERRADO,1,falta el campo obligatorio 'categoria'
TK-00065,12-May-2026,,,Conectividad,CRITICA,Telefono,,Sin internet en el segundo piso,,abierto,0,falta el campo obligatorio 'area'; falta el campo obligatorio 'solicitante'
TK-01395,03-Jul-2025,2025-08-05,Calidad,Accesos,ALTA,correo,,Me retiraron el acceso y aún trabajo en el proceso,El usuario reporta la novedad desde el inicio de la jornada y requiere solución para continuar con su labor.,Cerrado,0,falta el campo obligatorio 'solicitante'
TK-01736,16-Ene-2025,,,red,Baja,Mesa de ayuda,usuario070@lafortuna.com.co,Sin internet en el segundo piso,El solicitante indica que la novedad se presenta de forma intermitente desde hace tres días.,Reabierto,2,falta el campo obligatorio 'area'
TK-00047,13/11/2025,,Compras,SOFTWARE,Alta,Telefono,,La versión instalada no coincide con la del área,El solicitante indica que la novedad se presenta de forma intermitente desde hace tres días.,en proceso,0,falta el campo obligatorio 'solicitante'
TK-00110,04-May-2026,,Compras,aplicaciones,alta,formulario,,La versión instalada no coincide con la del área,Se solicita atención prioritaria porque afecta la operación del área y el cierre del periodo.,Abierto,0,falta el campo obligatorio 'solicitante'
TK-00258,2025-03-11,,Compras,Reportes,Crítica,formulario,,Solicito exportar el listado a Excel,El solicitante indica que la novedad se presenta de forma intermitente desde hace tres días.,abierto,0,falta el campo obligatorio 'solicitante'
TK-01374,2025-01-30,,Talento Humano,SOFTWARE,ALTA,correo,,La aplicación se cierra al generar el informe,Requerimiento remitido por la jefatura del área para gestión.,Abierto,0,falta el campo obligatorio 'solicitante'
TK-00036,2026-01-11,,,Accesos,Critica,Correo,usuario002@lafortuna.com.co,Me retiraron el acceso y aún trabajo en el proceso,El caso fue reportado por teléfono y se registra para trazabilidad.,Escalado,0,falta el campo obligatorio 'area'
TK-00195,11-Sep-2025,22-Oct-2025,Contabilidad,Gestión de accesos,Alta,Mesa de ayuda,,Necesito acceso a la carpeta compartida de mi área,El solicitante indica que la novedad se presenta de forma intermitente desde hace tres días.,CERRADO,0,falta el campo obligatorio 'solicitante'
TK-00506,2026-01-21,23/02/2026,Comercial,SOFTWARE,media,Formulario web,,La aplicación se cierra al generar el informe,,CERRADO,0,falta el campo obligatorio 'solicitante'
TK-01775,31/01/2026,,,conectividad,Critica,Correo,usuario111@lafortuna.com.co,No carga el sistema desde la sede sur,El usuario reporta la novedad desde el inicio de la jornada y requiere solución para continuar con su labor.,abierto,0,falta el campo obligatorio 'area'
TK-00053,2025-09-23,,Calidad,Software,CRITICA,Telefono,,La aplicación se cierra al generar el informe,Se adjunta captura de pantalla del mensaje de error recibido.,Escalado,0,falta el campo obligatorio 'solicitante'
TK-01335,09/07/2025,,Infraestructura,software,ALTA,formulario,,La versión instalada no coincide con la del área,Se solicita atención prioritaria porque afecta la operación del área y el cierre del periodo.,REABIERTO,2,falta el campo obligatorio 'solicitante'
TK-01140,23-Ago-2025,,Operaciones,Viáticos,Baja,correo,,Cómo legalizo los viáticos del viaje a la costa,Se adjunta captura de pantalla del mensaje de error recibido.,Reabierto,3,falta el campo obligatorio 'solicitante'
TK-01618,03-Feb-2025,,Comercial,software,Crítica,correo,,Necesito que instalen el visor de planos,El solicitante indica que la novedad se presenta de forma intermitente desde hace tres días.,Abierto,0,falta el campo obligatorio 'solicitante'
TK-00431,2025-12-15,,,informes,ALTA,Telefono,usuario096@lafortuna.com.co,El informe muestra cifras distintas al sistema,El usuario reporta la novedad desde el inicio de la jornada y requiere solución para continuar con su labor.,REABIERTO,2,falta el campo obligatorio 'area'
TK-00470,2026-03-19,13-Abr-2026,Infraestructura,Capacitación,Critica,Mesa de ayuda,,Necesito material del curso de la semana pasada,El solicitante indica que la novedad se presenta de forma intermitente desde hace tres días.,Cerrado,0,falta el campo obligatorio 'solicitante'
TK-01759,08/06/2026,,Compras,,Baja,Teléfono,usuario035@lafortuna.com.co,Requerimiento del área,El caso fue reportado por teléfono y se registra para trazabilidad.,reabierto,2,falta el campo obligatorio 'categoria'
TK-01511,22/07/2025,01/09/2025,Compras,INCIDENTE,MEDIA,Mesa de ayuda,,Se cayó el servicio de facturación,El caso fue reportado por teléfono y se registra para trazabilidad.,CERRADO,0,falta el campo obligatorio 'solicitante'
TK-00877,2025-09-20,,Talento Humano,reportes,MEDIA,Mesa de ayuda,,Solicito exportar el listado a Excel,El solicitante indica que la novedad se presenta de forma intermitente desde hace tres días.,Escalado,0,falta el campo obligatorio 'solicitante'
TK-01856,2025-07-07,19-Ago-2025,Infraestructura,,ALTA,Formulario web,usuario147@lafortuna.com.co,Pendiente por definir,Se solicita atención prioritaria porque afecta la operación del área y el cierre del periodo.,cerrado,,falta el campo obligatorio 'categoria'
TK-00870,04/04/2025,20/04/2025,Contabilidad,ACCESOS,Critica,correo,,Solicito permiso al módulo de cartera,,Cerrado,0,falta el campo obligatorio 'solicitante'
TK-01495,2025-02-15,,,software,Media,Correo,usuario017@lafortuna.com.co,Necesito que instalen el visor de planos,Requerimiento remitido por la jefatura del área para gestión.,abierto,0,falta el campo obligatorio 'area'
TK-01789,17/07/2025,,Comercial,,alta,Mesa de ayuda,usuario020@lafortuna.com.co,Requerimiento del área,El usuario reporta la novedad desde el inicio de la jornada y requiere solución para continuar con su labor.,Escalado,0,falta el campo obligatorio 'categoria'
TK-01944,2026-03-11,07/04/2026,,Aplicaciones,Critica,Mesa de ayuda,usuario176@lafortuna.com.co,La aplicación se cierra al generar el informe,Requerimiento remitido por la jefatura del área para gestión.,en proceso,0,falta el campo obligatorio 'area'
TK-00724,2026-01-03,28/01/2026,Infraestructura,,Crítica,correo,usuario092@lafortuna.com.co,Requerimiento del área,El caso fue reportado por teléfono y se registra para trazabilidad.,Reabierto,,falta el campo obligatorio 'categoria'
TK-00504,2026-03-04,,Comercial,Conectividad,MEDIA,Teléfono,,Sin internet en el segundo piso,Se adjunta captura de pantalla del mensaje de error recibido.,abierto,0,falta el campo obligatorio 'solicitante'
TK-01720,10-Dic-2025,,Aplicaciones,hardware,Baja,Formulario web,,El teclado dejó de responder,El caso fue reportado por teléfono y se registra para trazabilidad.,Escalado,0,falta el campo obligatorio 'solicitante'
TK-01164,2025-12-15,,Contabilidad,Sin clasificar,ALTA,Teléfono,,Consulta general,El solicitante indica que la novedad se presenta de forma intermitente desde hace tres días.,Abierto,0,falta el campo obligatorio 'solicitante'
TK-01250,26-Dic-2025,26/01/2026,Compras,incidente,Alta,Correo,,Los usuarios reportan lentitud generalizada,El solicitante indica que la novedad se presenta de forma intermitente desde hace tres días.,Escalado,0,falta el campo obligatorio 'solicitante'
TK-00653,31/03/2026,2026-04-16,Compras,,CRITICA,Telefono,usuario017@lafortuna.com.co,Pendiente por definir,Se solicita atención prioritaria porque afecta la operación del área y el cierre del periodo.,cerrado,1,falta el campo obligatorio 'categoria'
TK-01061,14-Ago-2025,,,Software,media,Telefono,usuario006@lafortuna.com.co,La aplicación se cierra al generar el informe,El solicitante indica que la novedad se presenta de forma intermitente desde hace tres días.,Abierto,0,falta el campo obligatorio 'area'
TK-01829,14-May-2025,2025-06-12,Compras,,Critica,Correo,,Solicitud varias,El solicitante indica que la novedad se presenta de forma intermitente desde hace tres días.,Cerrado,0,falta el campo obligatorio 'categoria'; falta el campo obligatorio 'solicitante'
TK-00346,17-May-2026,,Infraestructura,Informes,Alta,Telefono,,El reporte no incluye la sede nueva,El caso fue reportado por teléfono y se registra para trazabilidad.,Abierto,,falta el campo obligatorio 'solicitante'
TK-00384,2025-11-29,11/01/2026,Infraestructura,Equipos,CRITICA,Formulario web,,Necesito un monitor adicional para el puesto,,REABIERTO,2,falta el campo obligatorio 'solicitante'
TK-01229,2025-04-09,22/04/2025,,,alta,Correo,usuario035@lafortuna.com.co,Pendiente por definir,,en proceso,0,falta el campo obligatorio 'area'; falta el campo obligatorio 'categoria'
TK-01319,29-May-2025,,Compras,Compras,MEDIA,Correo,,Necesito cotización para equipos de la bodega,,REABIERTO,2,falta el campo obligatorio 'solicitante'
TK-01587,2026-01-18,,Contabilidad,Equipos,CRITICA,Mesa de ayuda,,Necesito un monitor adicional para el puesto,El caso fue reportado por teléfono y se registra para trazabilidad.,Reabierto,3,falta el campo obligatorio 'solicitante'
TK-00335,30/05/2026,,,Gestión de accesos,Critica,Mesa de ayuda,usuario041@lafortuna.com.co,Necesito acceso a la carpeta compartida de mi área,Se solicita atención prioritaria porque afecta la operación del área y el cierre del periodo.,en proceso,0,falta el campo obligatorio 'area'
TK-00904,2025-04-19,,Calidad,,Critica,Formulario web,usuario008@lafortuna.com.co,Solicitud varias,Requerimiento remitido por la jefatura del área para gestión.,en proceso,0,falta el campo obligatorio 'categoria'
TK-01834,2025-02-26,,,Acceso,CRITICA,Correo,usuario017@lafortuna.com.co,Solicito permiso al módulo de cartera,Requerimiento remitido por la jefatura del área para gestión.,en proceso,0,falta el campo obligatorio 'area'
TK-01794,17/01/2025,,Contabilidad,informes,Baja,Formulario web,,Necesito el reporte de ventas del trimestre,El solicitante indica que la novedad se presenta de forma intermitente desde hace tres días.,Escalado,0,falta el campo obligatorio 'solicitante'
TK-01543,14-Ene-2026,,Contabilidad,equipos,Baja,Correo,,Solicito reposición de diadema dañada,Requerimiento remitido por la jefatura del área para gestión.,REABIERTO,3,falta el campo obligatorio 'solicitante'
TK-00066,2026-02-20,,,conectividad,MEDIA,correo,usuario109@lafortuna.com.co,Sin internet en el segundo piso,Se adjunta captura de pantalla del mensaje de error recibido.,En proceso,,falta el campo obligatorio 'area'
TK-00933,28/12/2025,,Compras,,Baja,Correo,usuario126@lafortuna.com.co,Consulta general,El solicitante indica que la novedad se presenta de forma intermitente desde hace tres días.,Reabierto,3,falta el campo obligatorio 'categoria'
TK-01889,08-Jun-2026,,Compras,aplicaciones,media,Correo,,Aparece un mensaje de sesión expirada cada cinco minutos,El caso fue reportado por teléfono y se registra para trazabilidad.,en proceso,0,falta el campo obligatorio 'solicitante'
TK-01028,12/01/2025,,Contabilidad,conectividad,2-Media,Teléfono,,Sin internet en el segundo piso,El solicitante indica que la novedad se presenta de forma intermitente desde hace tres días.,REABIERTO,1,falta el campo obligatorio 'solicitante'
TK-00144,19-Mar-2026,,Compras,Aplicaciones,Media,Correo,,La aplicación se cierra al generar el informe,,Escalado,0,falta el campo obligatorio 'solicitante'
TK-01682,18-Dic-2025,,Infraestructura,,Crítica,formulario,usuario061@lafortuna.com.co,Requerimiento del área,Se solicita atención prioritaria porque afecta la operación del área y el cierre del periodo.,abierto,0,falta el campo obligatorio 'categoria'
TK-00073,01-Feb-2025,14/02/2025,Infraestructura,Ordenes de compra,Baja,Formulario web,,El proveedor no ha entregado lo solicitado,El usuario reporta la novedad desde el inicio de la jornada y requiere solución para continuar con su labor.,Escalado,0,falta el campo obligatorio 'solicitante'
